"Crepes","Crepes desc","","","true"
"Gratin","Gratin desc","","","true"
"Crumble","Crumble desc","","","true"
"Burger","Burger desc","","","true"
"Pizza","Pizza desc","","","false"
"Baguette","Baguette francaise!","","","false"
"Brenda's Lasagna","This is a faster, and less expensive lasagna.","","","false"
"Easy Cheesy Skillet Lasagna","Lasagna with sausage, mushrooms, and lots of cheese is fast and easy on the stove top--and there's no compromise on flavor.","","","false"
"Single-Serve Lasagna","Need a simple comfort-food lunch? This lasagna-in-a-bowl wants to be your friend. Great when cooking for one.","","","false"
"Cabbage Lasagna","A very filling, low-carb lasagna that uses cabbage leaves in place of lasagna noodles. We find it every bit as good if not better than lasagna with pasta.","","","false"
"Cheese cake","6","4.997","","false"
"Easy Cheesy Skillet Lasagna","Lasagna with sausage, mushrooms, and lots of cheese is fast and easy on the stove top--and there's no compromise on flavor.","","","false"
"Brenda's Lasagna","This is a faster, and less expensive lasagna.","4.4","","false"
"Cabbage Lasagna","A very filling, low-carb lasagna that uses cabbage leaves in place of lasagna noodles. We find it every bit as good if not better than lasagna with pasta.","4.75","45 mins","false"
"Tonkatsu","tonkatsu desc","4.0","30 mins","false"
"Cookie","Cookie desc","2.7","45 mins","true"
"Pasta","simple pasta","2.0","3 mins","false"
